{"cameraMode":{"drawMode":0,"name":"Shaded","section":"Shading Mode"},"sceneLighting":false,"audioPlay":false,"sceneViewState":{"m_AlwaysRefresh":false,"showFog":true,"showSkybox":false,"showFlares":true,"showImageEffects":true,"showParticleSystems":true,"showVisualEffectGraphs":true,"m_FxEnabled":true},"in2DMode":false,"pivot":{"x":0.038425445556640628,"y":0.6290000677108765,"z":29.121139526367189},"rotation":{"x":0.2375839501619339,"y":-0.057945575565099719,"z":0.014183028601109982,"w":0.9695549011230469},"size":1.7135089635849,"orthographic":false}