{"cameraMode":{"drawMode":0,"name":"Shaded","section":"Shading Mode"},"sceneLighting":true,"audioPlay":false,"sceneViewState":{"m_AlwaysRefresh":false,"showFog":true,"showSkybox":true,"showFlares":true,"showImageEffects":true,"showParticleSystems":true,"showVisualEffectGraphs":true,"m_FxEnabled":true},"in2DMode":false,"pivot":{"x":0.14130817353725434,"y":16.10147476196289,"z":-20.69172477722168},"rotation":{"x":-0.2886461615562439,"y":0.009206066839396954,"z":-0.0027138260193169119,"w":-0.957448422908783},"size":1.7135087251663209,"orthographic":false}