{"cameraMode":{"drawMode":0,"name":"Shaded","section":"Shading Mode"},"sceneLighting":false,"audioPlay":false,"sceneViewState":{"m_AlwaysRefresh":false,"showFog":false,"showSkybox":false,"showFlares":false,"showImageEffects":false,"showParticleSystems":false,"showVisualEffectGraphs":true,"m_FxEnabled":true},"in2DMode":false,"pivot":{"x":0.007113009691238403,"y":0.8299199342727661,"z":0.10059154033660889},"rotation":{"x":-0.11268334835767746,"y":0.39843082427978518,"z":-0.04931804537773132,"w":-0.9089775681495667},"size":1.2355968952178956,"orthographic":false}